host,port,proto,name,state,info,example_command
10.0.1.1,67,udp,,open,,N/A
10.0.1.1,161,udp,snmp,open,,snmpwalk -c public -v1 host or nmap -p 161 --script=snmp-info host
10.0.1.1,500,udp,ike,open,,ike-scan host
10.0.1.1,4100,tcp,,open,,N/A
10.0.1.1,4101,tcp,,open,,N/A
10.0.1.1,4102,tcp,,open,,N/A
10.0.1.1,4103,tcp,,open,,N/A
10.0.1.1,4104,tcp,,open,,N/A
10.0.1.1,4106,tcp,,open,,N/A
10.0.1.1,4107,tcp,,open,,N/A
10.0.1.1,4108,tcp,,open,,N/A
10.0.1.1,4109,tcp,,open,,N/A
10.0.1.1,4110,tcp,,open,,N/A
10.0.1.1,4111,tcp,,open,,N/A
10.0.1.1,4117,tcp,www,open,,N/A
10.0.1.1,4118,tcp,ssh,open,,ssh user@host or hydra -l user -P passlist.txt ssh://host
10.0.1.1,4123,tcp,,open,,N/A
10.0.1.1,4124,tcp,,open,,N/A
10.0.1.1,4125,tcp,,open,,N/A
10.0.1.1,4126,tcp,www,open,,N/A
10.0.1.1,4300,tcp,,open,,N/A
10.0.1.1,4301,tcp,,open,,N/A
10.0.1.1,4500,udp,,open,,N/A
10.0.1.1,8080,tcp,www,open,,N/A
10.0.1.1,34479,udp,,open,,N/A
10.0.1.1,35857,udp,,open,,N/A
10.0.1.1,37271,udp,,open,,N/A
10.0.1.1,37971,udp,,open,,N/A
10.0.1.1,39236,udp,,open,,N/A
10.0.1.1,45200,udp,,open,,N/A
10.0.1.1,49360,udp,,open,,N/A
10.0.1.1,51950,udp,,open,,N/A
10.0.1.1,54671,udp,,open,,N/A
10.0.1.2,25,tcp,,open,,N/A
10.0.1.2,53,tcp,dns,open,,nslookup -type=any domain host
10.0.1.2,53,udp,dns,open,,nslookup -type=any domain host
10.0.1.2,67,udp,,open,,N/A
10.0.1.2,69,udp,tftp,open,,tftp host GET file
10.0.1.2,80,tcp,www,open,,N/A
10.0.1.2,88,tcp,,open,,N/A
10.0.1.2,123,udp,ntp,open,,nmap -sU -p 123 --script=ntp-info host
10.0.1.2,135,tcp,epmap,open,,N/A
10.0.1.2,137,udp,netbios-ns,open,,N/A
10.0.1.2,139,tcp,smb,open,,smbclient -L //host
10.0.1.2,389,tcp,ldap,open,,ldapsearch -x -h host
10.0.1.2,445,tcp,cifs,open,,mount -t cifs //host/share /mnt
10.0.1.2,464,tcp,,open,,N/A
10.0.1.2,593,tcp,http-rpc-epmap,open,,N/A
10.0.1.2,636,tcp,ldap,open,,ldapsearch -x -h host
10.0.1.2,3268,tcp,ldap,open,,ldapsearch -x -h host
10.0.1.2,3269,tcp,ldap,open,,ldapsearch -x -h host
10.0.1.2,3389,tcp,msrdp,open,,N/A
10.0.1.2,5985,tcp,www,open,,N/A
10.0.1.2,49664,tcp,dce-rpc,open,,N/A
10.0.1.2,49665,tcp,dce-rpc,open,,N/A
10.0.1.2,49667,tcp,dce-rpc,open,,N/A
10.0.1.2,49668,tcp,dce-rpc,open,,N/A
10.0.1.2,49670,tcp,dce-rpc,open,,N/A
10.0.1.2,49672,tcp,dce-rpc,open,,N/A
10.0.1.2,49674,tcp,dce-rpc,open,,N/A
10.0.1.2,49678,tcp,dce-rpc,open,,N/A
10.0.1.2,49693,tcp,dce-rpc,open,,N/A
10.0.1.2,60368,tcp,dce-rpc,open,,N/A
10.0.1.2,60372,tcp,dce-rpc,open,,N/A
10.0.1.2,60414,tcp,dce-rpc,open,,N/A
10.0.1.2,60415,tcp,dce-rpc,open,,N/A
10.0.1.2,60430,tcp,dce-rpc,open,,N/A
10.0.1.2,60438,tcp,dce-rpc,open,,N/A
10.0.1.2,60469,tcp,dce-rpc,open,,N/A
10.0.1.4,80,tcp,www,open,,N/A
10.0.1.4,135,tcp,epmap,open,,N/A
10.0.1.4,137,udp,netbios-ns,open,,N/A
10.0.1.4,139,tcp,smb,open,,smbclient -L //host
10.0.1.4,445,tcp,cifs,open,,mount -t cifs //host/share /mnt
10.0.1.4,1434,udp,,open,,N/A
10.0.1.4,3389,tcp,msrdp,open,,N/A
10.0.1.4,5985,tcp,www,open,,N/A
10.0.1.4,8082,tcp,www,open,,N/A
10.0.1.4,49670,tcp,dce-rpc,open,,N/A
10.0.1.4,49671,tcp,dce-rpc,open,,N/A
10.0.1.4,49674,tcp,dce-rpc,open,,N/A
10.0.1.4,49676,tcp,dce-rpc,open,,N/A
10.0.1.4,49689,tcp,dce-rpc,open,,N/A
10.0.1.4,49703,tcp,dce-rpc,open,,N/A
10.0.1.4,49722,tcp,dce-rpc,open,,N/A
10.0.1.4,49744,tcp,dce-rpc,open,,N/A
10.0.1.4,49796,tcp,dce-rpc,open,,N/A
10.0.1.4,49941,tcp,mssql,open,,sqlcmd -S host -U username -P password
10.0.1.5,80,tcp,www,open,,N/A
10.0.1.5,135,tcp,epmap,open,,N/A
10.0.1.5,137,udp,netbios-ns,open,,N/A
10.0.1.5,139,tcp,smb,open,,smbclient -L //host
10.0.1.5,443,tcp,www,open,,N/A
10.0.1.5,445,tcp,cifs,open,,mount -t cifs //host/share /mnt
10.0.1.5,593,tcp,http-rpc-epmap,open,,N/A
10.0.1.5,3388,tcp,ncacn_http,open,,N/A
10.0.1.5,3389,tcp,msrdp,open,,N/A
10.0.1.5,3392,tcp,www,open,,N/A
10.0.1.5,5504,tcp,dce-rpc,open,,N/A
10.0.1.5,5985,tcp,www,open,,N/A
10.0.1.5,49664,tcp,dce-rpc,open,,N/A
10.0.1.5,49665,tcp,dce-rpc,open,,N/A
10.0.1.5,49666,tcp,dce-rpc,open,,N/A
10.0.1.5,49668,tcp,dce-rpc,open,,N/A
10.0.1.5,49670,tcp,dce-rpc,open,,N/A
10.0.1.5,49671,tcp,dce-rpc,open,,N/A
10.0.1.5,49686,tcp,dce-rpc,open,,N/A
10.0.1.5,49725,tcp,dce-rpc,open,,N/A
10.0.1.5,49740,tcp,dce-rpc,open,,N/A
10.0.1.5,49748,tcp,dce-rpc,open,,N/A
10.0.1.5,49755,tcp,dce-rpc,open,,N/A
10.0.1.5,49756,tcp,dce-rpc,open,,N/A
10.0.1.5,49912,tcp,dce-rpc,open,,N/A
10.0.1.7,21,tcp,,open,,N/A
10.0.1.7,53,tcp,dns,open,,nslookup -type=any domain host
10.0.1.7,53,udp,dns,open,,nslookup -type=any domain host
10.0.1.7,69,udp,tftp,open,,tftp host GET file
10.0.1.7,80,tcp,www,open,,N/A
10.0.1.7,88,tcp,,open,,N/A
10.0.1.7,123,udp,ntp,open,,nmap -sU -p 123 --script=ntp-info host
10.0.1.7,135,tcp,epmap,open,,N/A
10.0.1.7,137,udp,netbios-ns,open,,N/A
10.0.1.7,139,tcp,smb,open,,smbclient -L //host
10.0.1.7,389,tcp,ldap,open,,ldapsearch -x -h host
10.0.1.7,445,tcp,cifs,open,,mount -t cifs //host/share /mnt
10.0.1.7,464,tcp,,open,,N/A
10.0.1.7,593,tcp,http-rpc-epmap,open,,N/A
10.0.1.7,636,tcp,ldap,open,,ldapsearch -x -h host
10.0.1.7,1900,udp,upnp-client,open,,N/A
10.0.1.7,3268,tcp,ldap,open,,ldapsearch -x -h host
10.0.1.7,3269,tcp,ldap,open,,ldapsearch -x -h host
10.0.1.7,3389,tcp,msrdp,open,,N/A
10.0.1.7,5985,tcp,www,open,,N/A
10.0.1.7,49664,tcp,dce-rpc,open,,N/A
10.0.1.7,49665,tcp,dce-rpc,open,,N/A
10.0.1.7,49666,tcp,dce-rpc,open,,N/A
10.0.1.7,49667,tcp,dce-rpc,open,,N/A
10.0.1.7,49668,tcp,dce-rpc,open,,N/A
10.0.1.7,49670,tcp,dce-rpc,open,,N/A
10.0.1.7,49672,tcp,dce-rpc,open,,N/A
10.0.1.7,49674,tcp,dce-rpc,open,,N/A
10.0.1.7,49679,tcp,dce-rpc,open,,N/A
10.0.1.7,49835,tcp,dce-rpc,open,,N/A
10.0.1.7,50669,tcp,dce-rpc,open,,N/A
10.0.1.10,135,tcp,epmap,open,,N/A
10.0.1.10,137,udp,netbios-ns,open,,N/A
10.0.1.10,139,tcp,smb,open,,smbclient -L //host
10.0.1.10,445,tcp,cifs,open,,mount -t cifs //host/share /mnt
10.0.1.10,3389,tcp,msrdp,open,,N/A
10.0.1.10,5353,udp,mdns,open,,N/A
10.0.1.10,5985,tcp,www,open,,N/A
10.0.1.10,6007,tcp,,open,,N/A
10.0.1.10,27001,tcp,,open,,N/A
10.0.1.10,49664,tcp,dce-rpc,open,,N/A
10.0.1.10,49665,tcp,dce-rpc,open,,N/A
10.0.1.10,49666,tcp,dce-rpc,open,,N/A
10.0.1.10,49667,tcp,dce-rpc,open,,N/A
10.0.1.10,49668,tcp,dce-rpc,open,,N/A
10.0.1.10,49707,tcp,dce-rpc,open,,N/A
10.0.1.10,49716,tcp,dce-rpc,open,,N/A
10.0.1.10,49744,tcp,dce-rpc,open,,N/A
10.0.1.12,22,tcp,ssh,open,,ssh user@host or hydra -l user -P passlist.txt ssh://host
10.0.1.12,80,tcp,www,open,,N/A
10.0.1.12,123,udp,ntp,open,,nmap -sU -p 123 --script=ntp-info host
10.0.1.12,443,tcp,www,open,,N/A
10.0.1.12,4343,tcp,www,open,,N/A
10.0.1.17,135,tcp,epmap,open,,N/A
10.0.1.17,137,udp,netbios-ns,open,,N/A
10.0.1.17,139,tcp,smb,open,,smbclient -L //host
10.0.1.17,445,tcp,cifs,open,,mount -t cifs //host/share /mnt
10.0.1.17,3389,tcp,msrdp,open,,N/A
10.0.1.17,5985,tcp,www,open,,N/A
10.0.1.17,49664,tcp,dce-rpc,open,,N/A
10.0.1.17,49665,tcp,dce-rpc,open,,N/A
10.0.1.17,49667,tcp,dce-rpc,open,,N/A
10.0.1.17,49669,tcp,dce-rpc,open,,N/A
10.0.1.17,49671,tcp,dce-rpc,open,,N/A
10.0.1.17,49712,tcp,dce-rpc,open,,N/A
10.0.1.17,49730,tcp,dce-rpc,open,,N/A
10.0.1.17,49752,tcp,dce-rpc,open,,N/A
10.0.1.17,49754,tcp,dce-rpc,open,,N/A
10.0.1.18,22,tcp,ssh,open,,ssh user@host or hydra -l user -P passlist.txt ssh://host
10.0.1.18,80,tcp,www,open,,N/A
10.0.1.18,123,udp,ntp,open,,nmap -sU -p 123 --script=ntp-info host
10.0.1.18,443,tcp,www,open,,N/A
10.0.1.18,4343,tcp,www,open,,N/A
10.0.1.19,22,tcp,ssh,open,,ssh user@host or hydra -l user -P passlist.txt ssh://host
10.0.1.19,80,tcp,www,open,,N/A
10.0.1.19,123,udp,ntp,open,,nmap -sU -p 123 --script=ntp-info host
10.0.1.19,443,tcp,www,open,,N/A
10.0.1.19,4343,tcp,www,open,,N/A
10.0.1.20,22,tcp,ssh,open,,ssh user@host or hydra -l user -P passlist.txt ssh://host
10.0.1.20,80,tcp,www,open,,N/A
10.0.1.20,123,udp,ntp,open,,nmap -sU -p 123 --script=ntp-info host
10.0.1.20,443,tcp,www,open,,N/A
10.0.1.20,4343,tcp,www,open,,N/A
10.0.1.24,22,tcp,ssh,open,,ssh user@host or hydra -l user -P passlist.txt ssh://host
10.0.1.24,80,tcp,www,open,,N/A
10.0.1.24,443,tcp,www,open,,N/A
10.0.1.24,17990,tcp,,open,,N/A
10.0.1.26,1057,tcp,www,open,,N/A
10.0.1.26,1345,tcp,www,open,,N/A
10.0.1.26,1384,tcp,www,open,,N/A
10.0.1.26,1408,tcp,www,open,,N/A
10.0.1.26,1777,tcp,www,open,,N/A
10.0.1.26,1889,tcp,,open,,N/A
10.0.1.26,1900,udp,ssdp,open,,N/A
10.0.1.26,3000,tcp,www,open,,N/A
10.0.1.26,3001,tcp,www,open,,N/A
10.0.1.26,5353,udp,mdns,open,,N/A
10.0.1.26,7000,tcp,www,open,,N/A
10.0.1.26,18181,tcp,,open,,N/A
10.0.1.27,22,tcp,ssh,open,,ssh user@host or hydra -l user -P passlist.txt ssh://host
10.0.1.27,80,tcp,www,open,,N/A
10.0.1.27,161,udp,snmp,open,,snmpwalk -c public -v1 host or nmap -p 161 --script=snmp-info host
10.0.1.27,443,tcp,www,open,,N/A
10.0.1.27,623,udp,asf-rmcp,open,,N/A
10.0.1.27,5353,udp,mdns,open,,N/A
10.0.1.29,22,tcp,ssh,open,,ssh user@host or hydra -l user -P passlist.txt ssh://host
10.0.1.29,80,tcp,www,open,,N/A
10.0.1.29,137,udp,netbios-ns,open,,N/A
10.0.1.29,139,tcp,smb,open,,smbclient -L //host
10.0.1.29,443,tcp,www,open,,N/A
10.0.1.29,445,tcp,cifs,open,,mount -t cifs //host/share /mnt
10.0.1.29,631,tcp,www,open,,N/A
10.0.1.29,3260,tcp,iscsi-target,open,,iscsiadm --mode discoverydb --type sendtargets --portal host --discover
10.0.1.29,5353,udp,mdns,open,,N/A
10.0.1.29,8080,tcp,www,open,,N/A
10.0.1.29,8081,tcp,www,open,,N/A
10.0.1.47,135,tcp,epmap,open,,N/A
10.0.1.47,445,tcp,,open,,N/A
10.0.1.47,49664,tcp,dce-rpc,open,,N/A
10.0.1.47,49665,tcp,dce-rpc,open,,N/A
10.0.1.47,49666,tcp,dce-rpc,open,,N/A
10.0.1.47,49667,tcp,dce-rpc,open,,N/A
10.0.1.47,49671,tcp,dce-rpc,open,,N/A
10.0.1.47,49740,tcp,dce-rpc,open,,N/A
10.0.1.49,135,tcp,epmap,open,,N/A
10.0.1.49,137,udp,netbios-ns,open,,N/A
10.0.1.49,139,tcp,smb,open,,smbclient -L //host
10.0.1.49,445,tcp,cifs,open,,mount -t cifs //host/share /mnt
10.0.1.49,49664,tcp,dce-rpc,open,,N/A
10.0.1.49,49665,tcp,dce-rpc,open,,N/A
10.0.1.49,49666,tcp,dce-rpc,open,,N/A
10.0.1.49,49667,tcp,dce-rpc,open,,N/A
10.0.1.49,49670,tcp,dce-rpc,open,,N/A
10.0.1.49,49674,tcp,dce-rpc,open,,N/A
10.0.1.51,80,tcp,www,open,,N/A
10.0.1.51,135,tcp,epmap,open,,N/A
10.0.1.51,137,udp,netbios-ns,open,,N/A
10.0.1.51,139,tcp,smb,open,,smbclient -L //host
10.0.1.51,445,tcp,cifs,open,,mount -t cifs //host/share /mnt
10.0.1.51,1309,tcp,,open,,N/A
10.0.1.51,1947,tcp,www,open,,N/A
10.0.1.51,3389,tcp,msrdp,open,,N/A
10.0.1.51,5985,tcp,www,open,,N/A
10.0.1.51,27000,tcp,flexnet_publisher,open,,N/A
10.0.1.51,49664,tcp,dce-rpc,open,,N/A
10.0.1.51,49665,tcp,dce-rpc,open,,N/A
10.0.1.51,49666,tcp,dce-rpc,open,,N/A
10.0.1.51,49668,tcp,dce-rpc,open,,N/A
10.0.1.51,49671,tcp,dce-rpc,open,,N/A
10.0.1.51,49689,tcp,dce-rpc,open,,N/A
10.0.1.51,49690,tcp,dce-rpc,open,,N/A
10.0.1.51,49701,tcp,dce-rpc,open,,N/A
10.0.1.51,49734,tcp,dce-rpc,open,,N/A
10.0.1.52,135,tcp,epmap,open,,N/A
10.0.1.52,137,udp,netbios-ns,open,,N/A
10.0.1.52,139,tcp,smb,open,,smbclient -L //host
10.0.1.52,445,tcp,cifs,open,,mount -t cifs //host/share /mnt
10.0.1.52,1434,udp,,open,,N/A
10.0.1.52,8080,tcp,www,open,,N/A
10.0.1.52,8443,tcp,www,open,,N/A
10.0.1.52,9797,tcp,www,open,,N/A
10.0.1.52,49664,tcp,dce-rpc,open,,N/A
10.0.1.52,49665,tcp,dce-rpc,open,,N/A
10.0.1.52,49666,tcp,dce-rpc,open,,N/A
10.0.1.52,49667,tcp,dce-rpc,open,,N/A
10.0.1.52,49668,tcp,dce-rpc,open,,N/A
10.0.1.52,49721,tcp,dce-rpc,open,,N/A
10.0.1.52,52667,tcp,mssql,open,,sqlcmd -S host -U username -P password
10.0.1.55,5353,udp,mdns,open,,N/A
10.0.1.59,22,tcp,ssh,open,,ssh user@host or hydra -l user -P passlist.txt ssh://host
10.0.1.59,80,tcp,www,open,,N/A
10.0.1.59,161,udp,snmp,open,,snmpwalk -c public -v1 host or nmap -p 161 --script=snmp-info host
10.0.1.59,443,tcp,www,open,,N/A
10.0.1.59,623,udp,asf-rmcp,open,,N/A
10.0.1.59,5353,udp,mdns,open,,N/A
10.0.1.65,62078,tcp,,open,,N/A
10.0.1.79,135,tcp,epmap,open,,N/A
10.0.1.79,137,udp,netbios-ns,open,,N/A
10.0.1.79,139,tcp,smb,open,,smbclient -L //host
10.0.1.79,445,tcp,cifs,open,,mount -t cifs //host/share /mnt
10.0.1.79,3389,tcp,msrdp,open,,N/A
10.0.1.79,5985,tcp,www,open,,N/A
10.0.1.79,49664,tcp,dce-rpc,open,,N/A
10.0.1.79,49665,tcp,dce-rpc,open,,N/A
10.0.1.79,49666,tcp,dce-rpc,open,,N/A
10.0.1.79,49667,tcp,dce-rpc,open,,N/A
10.0.1.79,49673,tcp,dce-rpc,open,,N/A
10.0.1.79,49682,tcp,dce-rpc,open,,N/A
10.0.1.79,49684,tcp,dce-rpc,open,,N/A
10.0.1.79,49709,tcp,dce-rpc,open,,N/A
10.0.1.81,5353,udp,mdns,open,,N/A
10.0.1.84,135,tcp,epmap,open,,N/A
10.0.1.84,137,udp,netbios-ns,open,,N/A
10.0.1.84,139,tcp,smb,open,,smbclient -L //host
10.0.1.84,445,tcp,cifs,open,,mount -t cifs //host/share /mnt
10.0.1.84,49664,tcp,dce-rpc,open,,N/A
10.0.1.84,49665,tcp,dce-rpc,open,,N/A
10.0.1.84,49666,tcp,dce-rpc,open,,N/A
10.0.1.84,49667,tcp,dce-rpc,open,,N/A
10.0.1.84,49668,tcp,dce-rpc,open,,N/A
10.0.1.84,49698,tcp,dce-rpc,open,,N/A
10.0.1.86,135,tcp,epmap,open,,N/A
10.0.1.86,137,udp,netbios-ns,open,,N/A
10.0.1.86,139,tcp,smb,open,,smbclient -L //host
10.0.1.86,445,tcp,cifs,open,,mount -t cifs //host/share /mnt
10.0.1.86,49664,tcp,dce-rpc,open,,N/A
10.0.1.86,49665,tcp,dce-rpc,open,,N/A
10.0.1.86,49666,tcp,dce-rpc,open,,N/A
10.0.1.86,49667,tcp,dce-rpc,open,,N/A
10.0.1.86,49673,tcp,dce-rpc,open,,N/A
10.0.1.86,52231,tcp,dce-rpc,open,,N/A
10.0.1.93,135,tcp,epmap,open,,N/A
10.0.1.93,137,udp,netbios-ns,open,,N/A
10.0.1.93,139,tcp,smb,open,,smbclient -L //host
10.0.1.93,445,tcp,cifs,open,,mount -t cifs //host/share /mnt
10.0.1.93,1947,tcp,www,open,,N/A
10.0.1.93,1999,tcp,,open,,N/A
10.0.1.93,49664,tcp,dce-rpc,open,,N/A
10.0.1.93,49665,tcp,dce-rpc,open,,N/A
10.0.1.93,49666,tcp,dce-rpc,open,,N/A
10.0.1.93,49667,tcp,dce-rpc,open,,N/A
10.0.1.93,49668,tcp,dce-rpc,open,,N/A
10.0.1.93,49686,tcp,dce-rpc,open,,N/A
10.0.1.94,135,tcp,epmap,open,,N/A
10.0.1.94,137,udp,netbios-ns,open,,N/A
10.0.1.94,139,tcp,smb,open,,smbclient -L //host
10.0.1.94,445,tcp,cifs,open,,mount -t cifs //host/share /mnt
10.0.1.94,49664,tcp,dce-rpc,open,,N/A
10.0.1.94,49665,tcp,dce-rpc,open,,N/A
10.0.1.94,49666,tcp,dce-rpc,open,,N/A
10.0.1.94,49667,tcp,dce-rpc,open,,N/A
10.0.1.94,49674,tcp,dce-rpc,open,,N/A
10.0.1.94,49773,tcp,dce-rpc,open,,N/A
10.0.1.97,135,tcp,epmap,open,,N/A
10.0.1.97,137,udp,netbios-ns,open,,N/A
10.0.1.97,139,tcp,smb,open,,smbclient -L //host
10.0.1.97,445,tcp,cifs,open,,mount -t cifs //host/share /mnt
10.0.1.97,49664,tcp,dce-rpc,open,,N/A
10.0.1.97,49665,tcp,dce-rpc,open,,N/A
10.0.1.97,49666,tcp,dce-rpc,open,,N/A
10.0.1.97,49667,tcp,dce-rpc,open,,N/A
10.0.1.97,49670,tcp,dce-rpc,open,,N/A
10.0.1.97,49678,tcp,dce-rpc,open,,N/A
10.0.1.99,25,tcp,,open,,N/A
10.0.1.99,80,tcp,,open,,N/A
10.0.1.99,137,udp,netbios-ns,open,,N/A
10.0.1.99,138,udp,,open,,N/A
10.0.1.99,161,udp,snmp,open,Canon iR-ADV C5840 /P,snmpwalk -c public -v1 host or nmap -p 161 --script=snmp-info host
10.0.1.99,427,udp,,open,,N/A
10.0.1.99,443,tcp,,open,,N/A
10.0.1.99,515,tcp,,open,,N/A
10.0.1.99,631,tcp,,open,,N/A
10.0.1.99,3702,udp,,open,,N/A
10.0.1.99,5353,udp,,open,,N/A
10.0.1.99,8000,tcp,,open,,N/A
10.0.1.99,8443,tcp,,open,,N/A
10.0.1.99,9006,tcp,,open,,N/A
10.0.1.99,9007,tcp,,open,,N/A
10.0.1.99,9011,tcp,,open,,N/A
10.0.1.99,9013,tcp,,open,,N/A
10.0.1.99,9014,tcp,,open,,N/A
10.0.1.99,9015,tcp,,open,,N/A
10.0.1.99,9017,tcp,,open,,N/A
10.0.1.99,9018,tcp,,open,,N/A
10.0.1.99,9019,tcp,,open,,N/A
10.0.1.99,9021,tcp,,open,,N/A
10.0.1.99,9022,tcp,,open,,N/A
10.0.1.99,9100,tcp,,open,,N/A
10.0.1.99,47545,tcp,,open,,N/A
10.0.1.99,47545,udp,,open,,N/A
10.0.1.99,47547,tcp,,open,,N/A
10.0.1.106,62078,tcp,,open,,N/A
10.0.1.109,5353,udp,mdns,open,,N/A
10.0.1.109,62078,tcp,,open,,N/A
10.0.1.115,1178,tcp,www,open,,N/A
10.0.1.115,1274,tcp,www,open,,N/A
10.0.1.115,1675,tcp,www,open,,N/A
10.0.1.115,1834,tcp,www,open,,N/A
10.0.1.115,1900,udp,ssdp,open,,N/A
10.0.1.115,1926,tcp,www,open,,N/A
10.0.1.115,1961,tcp,www,open,,N/A
10.0.1.115,3000,tcp,www,open,,N/A
10.0.1.115,3001,tcp,www,open,,N/A
10.0.1.115,7000,tcp,www,open,,N/A
10.0.1.115,8183,tcp,www,open,,N/A
10.0.1.115,18181,tcp,www,open,,N/A
10.0.1.120,1101,tcp,www,open,,N/A
10.0.1.120,1161,tcp,www,open,,N/A
10.0.1.120,1352,tcp,www,open,,N/A
10.0.1.120,1672,tcp,www,open,,N/A
10.0.1.120,1900,udp,ssdp,open,,N/A
10.0.1.120,1956,tcp,www,open,,N/A
10.0.1.120,3000,tcp,www,open,,N/A
10.0.1.120,3001,tcp,www,open,,N/A
10.0.1.120,5353,udp,mdns,open,,N/A
10.0.1.120,7000,tcp,www,open,,N/A
10.0.1.120,18181,tcp,www,open,,N/A
10.0.1.122,1947,tcp,www,open,,N/A
10.0.1.132,22,tcp,ssh,open,,ssh user@host or hydra -l user -P passlist.txt ssh://host
10.0.1.132,80,tcp,www,open,,N/A
10.0.1.132,137,udp,netbios-ns,open,,N/A
10.0.1.132,139,tcp,smb,open,,smbclient -L //host
10.0.1.132,443,tcp,www,open,,N/A
10.0.1.132,445,tcp,cifs,open,,mount -t cifs //host/share /mnt
10.0.1.132,1900,udp,ssdp,open,,N/A
10.0.1.132,3261,tcp,,open,,N/A
10.0.1.132,3263,tcp,,open,,N/A
10.0.1.132,3264,tcp,,open,,N/A
10.0.1.132,3265,tcp,,open,,N/A
10.0.1.132,3493,tcp,,open,,N/A
10.0.1.132,3702,udp,onvif,open,,N/A
10.0.1.132,5000,tcp,www,open,,N/A
10.0.1.132,5001,tcp,www,open,,N/A
10.0.1.132,5353,udp,mdns,open,,N/A
10.0.1.138,135,tcp,epmap,open,,N/A
10.0.1.138,137,udp,netbios-ns,open,,N/A
10.0.1.138,139,tcp,smb,open,,smbclient -L //host
10.0.1.138,445,tcp,cifs,open,,mount -t cifs //host/share /mnt
10.0.1.138,5353,udp,mdns,open,,N/A
10.0.1.138,27000,tcp,flexnet_publisher,open,,N/A
10.0.1.138,27001,tcp,,open,,N/A
10.0.1.138,27002,tcp,,open,,N/A
10.0.1.138,49664,tcp,dce-rpc,open,,N/A
10.0.1.138,49665,tcp,dce-rpc,open,,N/A
10.0.1.138,49666,tcp,dce-rpc,open,,N/A
10.0.1.138,49667,tcp,dce-rpc,open,,N/A
10.0.1.138,49668,tcp,dce-rpc,open,,N/A
10.0.1.138,49670,tcp,dce-rpc,open,,N/A
10.0.1.139,135,tcp,epmap,open,,N/A
10.0.1.139,137,udp,netbios-ns,open,,N/A
10.0.1.139,139,tcp,smb,open,,smbclient -L //host
10.0.1.139,445,tcp,cifs,open,,mount -t cifs //host/share /mnt
10.0.1.139,1055,tcp,,open,,N/A
10.0.1.139,1947,tcp,www,open,,N/A
10.0.1.139,1999,tcp,,open,,N/A
10.0.1.139,2325,tcp,,open,,N/A
10.0.1.139,49664,tcp,dce-rpc,open,,N/A
10.0.1.139,49665,tcp,dce-rpc,open,,N/A
10.0.1.139,49666,tcp,dce-rpc,open,,N/A
10.0.1.139,49667,tcp,dce-rpc,open,,N/A
10.0.1.139,49670,tcp,dce-rpc,open,,N/A
10.0.1.139,49676,tcp,dce-rpc,open,,N/A
10.0.1.140,80,tcp,www,open,,N/A
10.0.1.140,137,udp,netbios-ns,open,,N/A
10.0.1.140,139,tcp,smb,open,,smbclient -L //host
10.0.1.140,443,tcp,www,open,,N/A
10.0.1.140,445,tcp,cifs,open,,mount -t cifs //host/share /mnt
10.0.1.140,1194,udp,openvpn,open,,openvpn --config client.ovpn
10.0.1.140,1900,udp,ssdp,open,,N/A
10.0.1.140,3261,tcp,,open,,N/A
10.0.1.140,3263,tcp,,open,,N/A
10.0.1.140,3264,tcp,,open,,N/A
10.0.1.140,3265,tcp,,open,,N/A
10.0.1.140,3702,udp,onvif,open,,N/A
10.0.1.140,5000,tcp,www,open,,N/A
10.0.1.140,5001,tcp,www,open,,N/A
10.0.1.140,5353,udp,mdns,open,,N/A
10.0.1.142,135,tcp,epmap,open,,N/A
10.0.1.142,137,udp,netbios-ns,open,,N/A
10.0.1.142,139,tcp,smb,open,,smbclient -L //host
10.0.1.142,445,tcp,cifs,open,,mount -t cifs //host/share /mnt
10.0.1.142,49664,tcp,dce-rpc,open,,N/A
10.0.1.142,49665,tcp,dce-rpc,open,,N/A
10.0.1.142,49666,tcp,dce-rpc,open,,N/A
10.0.1.142,49667,tcp,dce-rpc,open,,N/A
10.0.1.142,49674,tcp,dce-rpc,open,,N/A
10.0.1.142,49796,tcp,dce-rpc,open,,N/A
10.0.1.148,135,tcp,epmap,open,,N/A
10.0.1.148,137,udp,netbios-ns,open,,N/A
10.0.1.148,139,tcp,smb,open,,smbclient -L //host
10.0.1.148,445,tcp,cifs,open,,mount -t cifs //host/share /mnt
10.0.1.148,1947,tcp,www,open,,N/A
10.0.1.148,5353,udp,mdns,open,,N/A
10.0.1.148,49664,tcp,dce-rpc,open,,N/A
10.0.1.148,49665,tcp,dce-rpc,open,,N/A
10.0.1.148,49666,tcp,dce-rpc,open,,N/A
10.0.1.148,49667,tcp,dce-rpc,open,,N/A
10.0.1.148,49672,tcp,dce-rpc,open,,N/A
10.0.1.148,49678,tcp,dce-rpc,open,,N/A
10.0.1.160,1947,tcp,,open,,N/A
10.0.1.164,1947,tcp,www,open,,N/A
10.0.1.166,22,tcp,ssh,open,,ssh user@host or hydra -l user -P passlist.txt ssh://host
10.0.1.166,80,tcp,www,open,,N/A
10.0.1.166,123,udp,ntp,open,,nmap -sU -p 123 --script=ntp-info host
10.0.1.166,443,tcp,www,open,,N/A
10.0.1.166,4343,tcp,www,open,,N/A
10.0.1.251,161,udp,snmp,open,"Aruba JL357A 2540-48G-PoE+-4SFP+ Switch, revision YC.16.11.0008, ROM YC.16.01.0003 (/ws/swbuildm/rel_beluru_qaoff/code/build/cpm(swbuildm_rel_beluru_qaoff_rel_beluru))",snmpwalk -c public -v1 host or nmap -p 161 --script=snmp-info host
