host,port,proto,name,state,info
10.102.1.1,80,tcp,www,open,
10.102.1.1,135,tcp,epmap,open,
10.102.1.1,137,udp,netbios-ns,open,
10.102.1.1,139,tcp,smb,open,
10.102.1.1,445,tcp,cifs,open,
10.102.1.1,3389,tcp,,open,
10.102.1.1,5355,udp,llmnr,open,
10.102.1.1,5666,tcp,,open,
10.102.1.1,5985,tcp,www,open,
10.102.1.1,5986,tcp,www,open,
10.102.1.1,8443,tcp,www,open,
10.102.1.1,49152,tcp,dce-rpc,open,
10.102.1.1,49153,tcp,dce-rpc,open,
10.102.1.1,49154,tcp,dce-rpc,open,
10.102.1.1,49155,tcp,dce-rpc,open,
10.102.1.1,49156,tcp,dce-rpc,open,
10.102.1.1,49157,tcp,dce-rpc,open,
10.102.1.1,49158,tcp,dce-rpc,open,
10.102.1.2,80,tcp,www,open,
10.102.1.2,135,tcp,epmap,open,
10.102.1.2,137,udp,netbios-ns,open,
10.102.1.2,139,tcp,smb,open,
10.102.1.2,445,tcp,cifs,open,
10.102.1.2,3389,tcp,,open,
10.102.1.2,5355,udp,llmnr,open,
10.102.1.2,5666,tcp,,open,
10.102.1.2,5985,tcp,www,open,
10.102.1.2,5986,tcp,www,open,
10.102.1.2,8443,tcp,www,open,
10.102.1.2,49152,tcp,dce-rpc,open,
10.102.1.2,49153,tcp,dce-rpc,open,
10.102.1.2,49154,tcp,dce-rpc,open,
10.102.1.2,49155,tcp,dce-rpc,open,
10.102.1.2,49156,tcp,dce-rpc,open,
10.102.1.2,49184,tcp,dce-rpc,open,
10.102.1.2,49189,tcp,dce-rpc,open,
10.102.1.3,25,tcp,smtp,open,
10.102.1.3,53,tcp,dns,open,
10.102.1.3,53,udp,dns,open,
10.102.1.3,67,udp,,open,
10.102.1.3,80,tcp,www,open,
10.102.1.3,88,tcp,,open,
10.102.1.3,123,udp,ntp,open,
10.102.1.3,135,tcp,epmap,open,
10.102.1.3,137,udp,netbios-ns,open,
10.102.1.3,139,tcp,smb,open,
10.102.1.3,389,tcp,ldap,open,
10.102.1.3,443,tcp,www,open,
10.102.1.3,445,tcp,cifs,open,
10.102.1.3,464,tcp,,open,
10.102.1.3,593,tcp,http-rpc-epmap,open,
10.102.1.3,636,tcp,ldap,open,
10.102.1.3,1434,udp,,open,
10.102.1.3,3268,tcp,ldap,open,
10.102.1.3,3269,tcp,ldap,open,
10.102.1.3,3389,tcp,,open,
10.102.1.3,5355,udp,llmnr,open,
10.102.1.3,5666,tcp,,open,
10.102.1.3,5985,tcp,www,open,
10.102.1.3,8443,tcp,www,open,
10.102.1.3,8530,tcp,www,open,
10.102.1.3,49152,tcp,dce-rpc,open,
10.102.1.3,49153,tcp,dce-rpc,open,
10.102.1.3,49154,tcp,dce-rpc,open,
10.102.1.3,49155,tcp,dce-rpc,open,
10.102.1.3,49157,tcp,dce-rpc,open,
10.102.1.3,55132,tcp,dce-rpc,open,
10.102.1.3,55144,tcp,dce-rpc,open,
10.102.1.3,55153,tcp,dce-rpc,open,
10.102.1.3,59920,tcp,dce-rpc,open,
10.102.1.3,59957,tcp,dce-rpc,open,
10.102.1.3,62844,tcp,dce-rpc,open,
10.102.1.3,62871,tcp,dce-rpc,open,
10.102.1.3,62872,tcp,dce-rpc,open,
10.102.1.3,62875,tcp,dce-rpc,open,
10.102.1.3,62878,tcp,dce-rpc,open,
10.102.1.4,53,tcp,dns,open,
10.102.1.4,53,udp,dns,open,
10.102.1.4,88,tcp,,open,
10.102.1.4,123,udp,ntp,open,
10.102.1.4,135,tcp,epmap,open,
10.102.1.4,137,udp,netbios-ns,open,
10.102.1.4,139,tcp,smb,open,
10.102.1.4,389,tcp,ldap,open,
10.102.1.4,445,tcp,cifs,open,
10.102.1.4,464,tcp,,open,
10.102.1.4,593,tcp,http-rpc-epmap,open,
10.102.1.4,636,tcp,ldap,open,
10.102.1.4,647,tcp,,open,
10.102.1.4,3268,tcp,ldap,open,
10.102.1.4,3269,tcp,ldap,open,
10.102.1.4,3389,tcp,,open,
10.102.1.4,5355,udp,llmnr,open,
10.102.1.4,5666,tcp,,open,
10.102.1.4,5985,tcp,www,open,
10.102.1.4,8443,tcp,www,open,
10.102.1.4,49152,tcp,dce-rpc,open,
10.102.1.4,49153,tcp,dce-rpc,open,
10.102.1.4,49155,tcp,dce-rpc,open,
10.102.1.4,49157,tcp,dce-rpc,open,
10.102.1.4,49158,tcp,dce-rpc,open,
10.102.1.4,51153,tcp,dce-rpc,open,
10.102.1.4,51157,tcp,dce-rpc,open,
10.102.1.4,51158,tcp,dce-rpc,open,
10.102.1.4,58897,tcp,dce-rpc,open,
10.102.1.5,135,tcp,epmap,open,
10.102.1.5,137,udp,netbios-ns,open,
10.102.1.5,139,tcp,smb,open,
10.102.1.5,445,tcp,cifs,open,
10.102.1.5,1433,tcp,mssql,open,
10.102.1.5,1434,udp,,open,
10.102.1.5,3050,tcp,gds_db,open,
10.102.1.5,3389,tcp,,open,
10.102.1.5,5355,udp,llmnr,open,
10.102.1.5,5666,tcp,,open,
10.102.1.5,5985,tcp,www,open,
10.102.1.5,8443,tcp,www,open,
10.102.1.5,49152,tcp,dce-rpc,open,
10.102.1.5,49153,tcp,dce-rpc,open,
10.102.1.5,49154,tcp,dce-rpc,open,
10.102.1.5,49155,tcp,dce-rpc,open,
10.102.1.5,49156,tcp,dce-rpc,open,
10.102.1.5,64246,tcp,dce-rpc,open,
10.102.1.5,64263,tcp,dce-rpc,open,
10.102.1.9,21,tcp,ftp,open,
10.102.1.9,80,tcp,www,open,
10.102.1.9,111,tcp,rpc-portmapper,open,
10.102.1.9,111,udp,rpc-portmapper,open,
10.102.1.9,135,tcp,epmap,open,
10.102.1.9,137,udp,netbios-ns,open,
10.102.1.9,139,tcp,smb,open,
10.102.1.9,445,tcp,cifs,open,
10.102.1.9,1039,tcp,rpc-status,open,
10.102.1.9,1039,udp,rpc-status,open,
10.102.1.9,1047,tcp,rpc-nlockmgr,open,
10.102.1.9,1047,udp,rpc-nlockmgr,open,
10.102.1.9,1048,tcp,rpc-mountd,open,
10.102.1.9,1048,udp,rpc-mountd,open,
10.102.1.9,1311,tcp,www,open,
10.102.1.9,2049,tcp,rpc-nfs,open,
10.102.1.9,2049,udp,rpc-nfs,open,
10.102.1.9,3389,tcp,,open,
10.102.1.9,5355,udp,llmnr,open,
10.102.1.9,5666,tcp,,open,
10.102.1.9,49152,tcp,dce-rpc,open,
10.102.1.9,49153,tcp,dce-rpc,open,
10.102.1.9,49154,tcp,dce-rpc,open,
10.102.1.9,49155,tcp,dce-rpc,open,
10.102.1.9,49156,tcp,dce-rpc,open,
10.102.1.9,49165,tcp,dce-rpc,open,
10.102.1.9,49214,tcp,dce-rpc,open,
10.102.1.9,60306,tcp,dce-rpc,open,
10.102.1.9,60356,tcp,dce-rpc,open,
10.102.1.10,80,tcp,www,open,
10.102.1.10,111,tcp,rpc-portmapper,open,
10.102.1.10,111,udp,rpc-portmapper,open,
10.102.1.10,135,tcp,epmap,open,
10.102.1.10,137,udp,netbios-ns,open,
10.102.1.10,139,tcp,smb,open,
10.102.1.10,445,tcp,cifs,open,
10.102.1.10,1039,tcp,rpc-status,open,
10.102.1.10,1039,udp,rpc-status,open,
10.102.1.10,1047,tcp,rpc-nlockmgr,open,
10.102.1.10,1047,udp,rpc-nlockmgr,open,
10.102.1.10,1048,tcp,rpc-mountd,open,
10.102.1.10,1048,udp,rpc-mountd,open,
10.102.1.10,1311,tcp,www,open,
10.102.1.10,2049,tcp,rpc-nfs,open,
10.102.1.10,2049,udp,rpc-nfs,open,
10.102.1.10,2260,tcp,,open,
10.102.1.10,3389,tcp,,open,
10.102.1.10,5355,udp,llmnr,open,
10.102.1.10,5666,tcp,,open,
10.102.1.10,49152,tcp,dce-rpc,open,
10.102.1.10,49153,tcp,dce-rpc,open,
10.102.1.10,49154,tcp,dce-rpc,open,
10.102.1.10,49155,tcp,dce-rpc,open,
10.102.1.10,58839,tcp,dce-rpc,open,
10.102.1.10,58872,tcp,dce-rpc,open,
10.102.1.10,58898,tcp,dce-rpc,open,
10.102.1.10,58923,tcp,dce-rpc,open,
10.102.1.11,111,tcp,rpc-portmapper,open,
10.102.1.11,111,udp,rpc-portmapper,open,
10.102.1.11,135,tcp,epmap,open,
10.102.1.11,137,udp,netbios-ns,open,
10.102.1.11,139,tcp,smb,open,
10.102.1.11,445,tcp,cifs,open,
10.102.1.11,805,udp,rpc-252525,open,
10.102.1.11,807,tcp,rpc-252525,open,
10.102.1.11,1311,tcp,www,open,
10.102.1.11,2049,tcp,rpc-status,open,
10.102.1.11,2049,udp,rpc-status,open,
10.102.1.11,3260,tcp,iscsi-target,open,
10.102.1.11,3389,tcp,,open,
10.102.1.11,5355,udp,llmnr,open,
10.102.1.11,5666,tcp,,open,
10.102.1.11,5985,tcp,www,open,
10.102.1.11,49664,tcp,dce-rpc,open,
10.102.1.11,49665,tcp,dce-rpc,open,
10.102.1.11,49666,tcp,dce-rpc,open,
10.102.1.11,49667,tcp,dce-rpc,open,
10.102.1.11,49668,tcp,dce-rpc,open,
10.102.1.11,49679,tcp,dce-rpc,open,
10.102.1.11,52323,tcp,dce-rpc,open,
10.102.1.11,52395,tcp,dce-rpc,open,
10.102.1.11,65479,tcp,dce-rpc,open,
10.102.1.29,22,tcp,ssh,open,
10.102.1.29,80,tcp,www,open,
10.102.1.29,198,tcp,,open,
10.102.1.29,443,tcp,,open,
10.102.1.29,623,udp,asf-rmcp,open,
10.102.1.29,5900,tcp,,open,
10.102.1.52,135,tcp,epmap,open,
10.102.1.52,137,udp,netbios-ns,open,
10.102.1.52,139,tcp,smb,open,
10.102.1.52,445,tcp,cifs,open,
10.102.1.52,5355,udp,llmnr,open,
10.102.1.52,49664,tcp,dce-rpc,open,
10.102.1.52,49665,tcp,dce-rpc,open,
10.102.1.52,49666,tcp,dce-rpc,open,
10.102.1.52,49667,tcp,dce-rpc,open,
10.102.1.52,49668,tcp,dce-rpc,open,
10.102.1.52,49669,tcp,dce-rpc,open,
10.102.1.52,49670,tcp,dce-rpc,open,
10.102.1.52,60075,tcp,dce-rpc,open,
10.102.1.53,135,tcp,epmap,open,
10.102.1.53,137,udp,netbios-ns,open,
10.102.1.53,139,tcp,smb,open,
10.102.1.53,445,tcp,cifs,open,
10.102.1.53,5355,udp,llmnr,open,
10.102.1.53,49664,tcp,dce-rpc,open,
10.102.1.53,49665,tcp,dce-rpc,open,
10.102.1.53,49666,tcp,dce-rpc,open,
10.102.1.53,49667,tcp,dce-rpc,open,
10.102.1.53,49670,tcp,dce-rpc,open,
10.102.1.53,49671,tcp,dce-rpc,open,
10.102.1.53,49678,tcp,dce-rpc,open,
10.102.1.54,22,tcp,ssh,open,
10.102.1.54,111,tcp,rpc-portmapper,open,
10.102.1.54,111,udp,rpc-portmapper,open,
10.102.1.54,9090,tcp,www,open,
10.102.1.55,135,tcp,epmap,open,
10.102.1.55,137,udp,netbios-ns,open,
10.102.1.55,139,tcp,smb,open,
10.102.1.55,445,tcp,cifs,open,
10.102.1.55,5145,tcp,,open,
10.102.1.55,5355,udp,llmnr,open,
10.102.1.55,49664,tcp,dce-rpc,open,
10.102.1.55,49673,tcp,dce-rpc,open,
10.102.1.55,49697,tcp,dce-rpc,open,
10.102.1.57,135,tcp,epmap,open,
10.102.1.57,137,udp,netbios-ns,open,
10.102.1.57,139,tcp,smb,open,
10.102.1.57,445,tcp,cifs,open,
10.102.1.57,5355,udp,llmnr,open,
10.102.1.57,49664,tcp,dce-rpc,open,
10.102.1.57,49665,tcp,dce-rpc,open,
10.102.1.57,49666,tcp,dce-rpc,open,
10.102.1.57,49667,tcp,dce-rpc,open,
10.102.1.57,58745,tcp,dce-rpc,open,
10.102.1.57,58746,tcp,dce-rpc,open,
10.102.1.57,58747,tcp,dce-rpc,open,
10.102.1.57,58767,tcp,dce-rpc,open,
10.102.1.58,135,tcp,epmap,open,
10.102.1.58,445,tcp,,open,
10.102.1.58,5355,udp,llmnr,open,
10.102.1.58,49664,tcp,dce-rpc,open,
10.102.1.58,49665,tcp,dce-rpc,open,
10.102.1.58,49666,tcp,dce-rpc,open,
10.102.1.58,49667,tcp,dce-rpc,open,
10.102.1.58,49668,tcp,dce-rpc,open,
10.102.1.58,49669,tcp,dce-rpc,open,
10.102.1.58,49677,tcp,dce-rpc,open,
10.102.1.59,135,tcp,epmap,open,
10.102.1.59,137,udp,netbios-ns,open,
10.102.1.59,139,tcp,smb,open,
10.102.1.59,445,tcp,cifs,open,
10.102.1.59,5355,udp,llmnr,open,
10.102.1.59,49664,tcp,dce-rpc,open,
10.102.1.59,49665,tcp,dce-rpc,open,
10.102.1.59,49666,tcp,dce-rpc,open,
10.102.1.59,49667,tcp,dce-rpc,open,
10.102.1.59,49668,tcp,dce-rpc,open,
10.102.1.59,49670,tcp,dce-rpc,open,
10.102.1.61,22,tcp,ssh,open,
10.102.1.61,546,udp,,open,
10.102.1.61,8834,tcp,www,open,
10.102.1.61,33962,udp,,open,
10.102.1.61,34496,udp,,open,
10.102.1.61,40931,udp,,open,
10.102.1.61,40980,udp,,open,
10.102.1.61,42027,udp,,open,
10.102.1.61,47579,udp,,open,
10.102.1.61,48627,udp,,open,
10.102.1.63,135,tcp,epmap,open,
10.102.1.63,137,udp,netbios-ns,open,
10.102.1.63,139,tcp,smb,open,
10.102.1.63,445,tcp,cifs,open,
10.102.1.63,5355,udp,llmnr,open,
10.102.1.63,49664,tcp,dce-rpc,open,
10.102.1.63,49665,tcp,dce-rpc,open,
10.102.1.63,49666,tcp,dce-rpc,open,
10.102.1.63,49667,tcp,dce-rpc,open,
10.102.1.63,49669,tcp,dce-rpc,open,
10.102.1.63,49671,tcp,dce-rpc,open,
10.102.1.65,135,tcp,epmap,open,
10.102.1.65,137,udp,netbios-ns,open,
10.102.1.65,139,tcp,smb,open,
10.102.1.65,445,tcp,cifs,open,
10.102.1.65,5355,udp,llmnr,open,
10.102.1.65,49664,tcp,dce-rpc,open,
10.102.1.65,49665,tcp,dce-rpc,open,
10.102.1.65,49666,tcp,dce-rpc,open,
10.102.1.65,49667,tcp,dce-rpc,open,
10.102.1.65,49668,tcp,dce-rpc,open,
10.102.1.65,49669,tcp,dce-rpc,open,
10.102.1.65,49670,tcp,dce-rpc,open,
10.102.1.65,49710,tcp,dce-rpc,open,
10.102.1.66,135,tcp,epmap,open,
10.102.1.66,137,udp,netbios-ns,open,
10.102.1.66,139,tcp,smb,open,
10.102.1.66,445,tcp,cifs,open,
10.102.1.66,5355,udp,llmnr,open,
10.102.1.66,49664,tcp,dce-rpc,open,
10.102.1.66,49665,tcp,dce-rpc,open,
10.102.1.66,49666,tcp,dce-rpc,open,
10.102.1.66,49667,tcp,dce-rpc,open,
10.102.1.66,49673,tcp,dce-rpc,open,
10.102.1.66,49676,tcp,dce-rpc,open,
10.102.1.66,49677,tcp,dce-rpc,open,
10.102.1.66,49776,tcp,dce-rpc,open,
10.102.1.67,135,tcp,epmap,open,
10.102.1.67,137,udp,netbios-ns,open,
10.102.1.67,139,tcp,smb,open,
10.102.1.67,445,tcp,cifs,open,
10.102.1.67,5355,udp,llmnr,open,
10.102.1.67,49664,tcp,dce-rpc,open,
10.102.1.67,49665,tcp,dce-rpc,open,
10.102.1.67,49666,tcp,dce-rpc,open,
10.102.1.67,49667,tcp,dce-rpc,open,
10.102.1.67,49668,tcp,dce-rpc,open,
10.102.1.67,49669,tcp,dce-rpc,open,
10.102.1.67,49676,tcp,dce-rpc,open,
10.102.1.67,49705,tcp,dce-rpc,open,
10.102.1.72,80,tcp,www,open,
10.102.1.72,135,tcp,epmap,open,
10.102.1.72,137,udp,netbios-ns,open,
10.102.1.72,139,tcp,smb,open,
10.102.1.72,445,tcp,cifs,open,
10.102.1.72,5355,udp,llmnr,open,
10.102.1.72,49664,tcp,dce-rpc,open,
10.102.1.72,49665,tcp,dce-rpc,open,
10.102.1.72,49666,tcp,dce-rpc,open,
10.102.1.72,49667,tcp,dce-rpc,open,
10.102.1.72,49668,tcp,dce-rpc,open,
10.102.1.72,49669,tcp,dce-rpc,open,
10.102.1.72,49675,tcp,dce-rpc,open,
10.102.1.72,52624,tcp,dce-rpc,open,
10.102.1.101,135,tcp,epmap,open,
10.102.1.101,137,udp,netbios-ns,open,
10.102.1.101,139,tcp,smb,open,
10.102.1.101,445,tcp,cifs,open,
10.102.1.101,5353,udp,mdns,open,
10.102.1.101,5355,udp,llmnr,open,
10.102.1.101,8733,tcp,,open,
10.102.1.101,49664,tcp,dce-rpc,open,
10.102.1.101,49665,tcp,dce-rpc,open,
10.102.1.101,49666,tcp,dce-rpc,open,
10.102.1.101,49669,tcp,dce-rpc,open,
10.102.1.101,49672,tcp,dce-rpc,open,
10.102.1.101,49673,tcp,dce-rpc,open,
10.102.1.101,49695,tcp,dce-rpc,open,
10.102.1.101,49709,tcp,dce-rpc,open,
10.102.1.184,22,tcp,ssh,open,
10.102.1.184,80,tcp,www,open,
10.102.1.184,443,tcp,,open,
10.102.1.184,623,udp,asf-rmcp,open,
10.102.1.205,21,tcp,,open,
10.102.1.205,23,tcp,,open,
10.102.1.205,80,tcp,,open,
10.102.1.205,137,udp,,open,
10.102.1.205,138,udp,,open,
10.102.1.205,139,tcp,smb,open,
10.102.1.205,161,udp,snmp,open,RICOH MP C5503 1.34 / RICOH Network Printer C model / RICOH Network Scanner C model
10.102.1.205,514,tcp,,open,
10.102.1.205,515,tcp,,open,
10.102.1.205,631,tcp,,open,
10.102.1.205,1900,udp,,open,
10.102.1.205,3702,tcp,,open,
10.102.1.205,3702,udp,,open,
10.102.1.205,5353,udp,,open,
10.102.1.205,5355,udp,,open,
10.102.1.205,7443,tcp,,open,
10.102.1.205,7444,tcp,,open,
10.102.1.205,9100,tcp,,open,
10.102.1.205,10021,tcp,,open,
10.102.1.205,51003,udp,,open,
10.102.1.205,53000,tcp,,open,
10.102.1.205,53001,tcp,,open,
10.102.1.205,53002,tcp,,open,
10.102.1.205,59100,tcp,,open,
10.102.1.205,65534,udp,,open,
10.102.1.254,22,tcp,ssh,open,
10.102.1.254,4443,tcp,www,open,
10.102.1.255,161,udp,snmp,open,RICOH MP C5503 1.34 / RICOH Network Printer C model / RICOH Network Scanner C model
